Model,Original_Rows,Summary_Rows_Removed,Images_After_Cleaning,Unique_Images,Missing_Values,Duplicate_Names,Nonfinite_Values,PSNR_Min,PSNR_Max,SSIM_Min,SSIM_Max,LPIPS_Min,LPIPS_Max,DISTS_Min,DISTS_Max
Proposed,1112,2,1110,1110,0,0,0,29.093183114821763,34.241708675384935,0.8753482226112361,0.9513160466996664,0.0321367084980011,0.163794919848442,0.0719188451766967,0.181756854057312
ELAN,1112,2,1110,1110,0,0,0,25.478878265343766,29.96288656053629,0.828804113490244,0.9078593986131988,0.0683352276682853,0.1639736741781234,0.1141191124916076,0.2719771862030029
EDSR,1112,2,1110,1110,0,0,0,28.12744843232716,32.87850085324324,0.8638126471447916,0.941612362036785,0.0454295650124549,0.1641607880592346,0.0831736326217651,0.2394431233406067
SwinIR,1112,2,1110,1110,0,0,0,26.16816689064713,30.431171147486648,0.8418763801906932,0.9217782399582728,0.0650131925940513,0.1810674369335174,0.1106990575790405,0.2770947813987732
DAT,1112,2,1110,1110,0,0,0,28.665556845436303,33.57204998558756,0.8689787221382729,0.9458723489423796,0.0405406653881073,0.1655687540769577,0.0765042304992675,0.213188350200653
GRL,1112,2,1110,1110,0,0,0,28.52170659470312,33.913489418433265,0.8702925102717136,0.9485219897342037,0.0383997522294521,0.1631838232278823,0.0751707553863525,0.2047744989395141
ESRGAN,1112,2,1110,1110,0,0,0,27.03940833645707,31.653729439404596,0.8233882273695801,0.9176529393429266,0.0235995948314666,0.0863041058182716,0.0459386706352233,0.1663116216659546
